Workbook

Sheet TWFE
A1: RESUMO DOS RESULTADOS
A3: Estatística de regressão
A4: R múltiplo | B4: 0.99952013
A5: R-Quadrado | B5: 0.99904049
A6: R-quadrado ajustado | B6: 0.91526739
A7: Erro padrão | B7: 0.75346422
A8: Observações | B8: 36
A10: ANOVA
B11: gl | C11: SQ | D11: MQ | E11: F | F11: F de significação
A12: Regressão | B12: 13 | C12: 14186.375 | D12: 1091.2596 | E12: 2082.4037 | F12: 7.5106089e-31
A13: Resíduo | B13: 24 | C13: 13.625 | D13: 0.56770833
A14: Total | B14: 37 | C14: 14200
B16: Coeficientes | C16: Erro padrão | D16: Stat t | E16: valor-P | F16: 95% inferiores | G16: 95% superiores | H16: Inferior 95,0% | I16: Superior 95,0%
A17: Interseção | B17: 0 | C17: #N/A | D17: #N/A | E17: #N/A | F17: #N/A | G17: #N/A | H17: #N/A | I17: #N/A
A18: Variável X 1 | B18: 6.375 | C18: 0.46140072 | D18: 13.816623 | E18: 6.4072272e-13 | F18: 5.4227157 | G18: 7.3272843 | H18: 5.4227157 | I18: 7.3272843
A19: Variável X 2 | B19: 1.25 | C19: 0.53277966 | D19: 2.3461857 | E19: 0.027559227 | F19: 0.15039682 | G19: 2.3496032 | H19: 0.15039682 | I19: 2.3496032
A20: Variável X 3 | B20: 1.25 | C20: 0.53277966 | D20: 2.3461857 | E20: 0.027559227 | F20: 0.15039682 | G20: 2.3496032 | H20: 0.15039682 | I20: 2.3496032
A21: Variável X 4 | B21: 0.16666667 | C21: 0.43501277 | D21: 0.38313051 | E21: 0.7049956 | F21: -0.73115557 | G21: 1.0644889 | H21: -0.73115557 | I21: 1.0644889
A22: Variável X 5 | B22: 0 | C22: 0 | D22: 65535 | E22: #NUM! | F22: 0 | G22: 0 | H22: 0 | I22: 0
A23: Variável X 6 | B23: 1.625 | C23: 0.46140072 | D23: 3.5218844 | E23: #NUM! | F23: 0.67271572 | G23: 2.5772843 | H23: 0.67271572 | I23: 2.5772843
A24: Variável X 7 | B24: 1.4583333 | C24: 0.46140072 | D24: 3.1606655 | E24: 0.0042237185 | F24: 0.50604905 | G24: 2.4106176 | H24: 0.50604905 | I24: 2.4106176
A25: Variável X 8 | B25: 10.708333 | C25: 0.44398305 | D25: 24.118789 | E25: 2.4587302e-18 | F25: 9.7919974 | G25: 11.624669 | H25: 9.7919974 | I25: 11.624669
A26: Variável X 9 | B26: 13.041667 | C26: 0.44398305 | D26: 29.374244 | E26: 2.5186092e-20 | F26: 12.125331 | G26: 13.958003 | H26: 12.125331 | I26: 13.958003
A27: Variável X 10 | B27: 14.25 | C27: 0.51776876 | D27: 27.521938 | E27: 1.1514122e-19 | F27: 13.181378 | G27: 15.318622 | H27: 13.181378 | I27: 15.318622
A28: Variável X 11 | B28: 16.916667 | C28: 0.51776876 | D28: 32.672243 | E28: 2.0803305e-21 | F28: 15.848044 | G28: 17.985289 | H28: 15.848044 | I28: 17.985289
A29: Variável X 12 | B29: 19.125 | C29: 0.62157627 | D29: 30.768549 | E29: 8.5078687e-21 | F29: 17.84213 | G29: 20.40787 | H29: 17.84213 | I29: 20.40787
A30: Variável X 13 | B30: 21.458333 | C30: 0.62157627 | D30: 34.522446 | E30: 5.6950525e-22 | F30: 20.175463 | G30: 22.741204 | H30: 20.175463 | I30: 22.741204

Sheet 1. Dados
A1: EXEMPLO NUMÉRICO: DECOMPOSIÇÃO DO ESTIMADOR TWFE
A3: Estrutura dos Dados
A5: Unidade | B5: Grupo | C5: t=1 | D5: t=2 | E5: t=3 | F5: t=4 | G5: t=5 | H5: t=6 | J5: Unidade | K5: Tempo (t) | L5: y_it | M5: D_it | N5: a1 | O5: a2 | P5: a3 | Q5: a4 | R5: a5 | S5: a6 | T5: t1 | U5: t2 | V5: t3 | W5: t4 | X5: t5 | Y5: t6
A6: U1 | B6: U (Nunca) | C6: 12 | D6: 14 | E6: 15 | F6: 19 | G6: 20 | H6: 23 | J6: U1 | K6: 1 | L6: 12 | M6: 0 | N6: 1 | O6: 0 | P6: 0 | Q6: 0 | R6: 0 | S6: 0 | T6: 1 | U6: 0 | V6: 0 | W6: 0 | X6: 0 | Y6: 0
A7: U2 | B7: U (Nunca) | C7: 12 | D7: 14 | E7: 15 | F7: 19 | G7: 20 | H7: 23 | J7: U1 | K7: 2 | L7: 14 | M7: 0 | N7: 1 | O7: 0 | P7: 0 | Q7: 0 | R7: 0 | S7: 0 | T7: 0 | U7: 1 | V7: 0 | W7: 0 | X7: 0 | Y7: 0
A8: K1 | B8: K (Trat t=3) | C8: 12 | D8: 14 | E8: 21 | F8: 23 | G8: 25 | H8: 27 | J8: U1 | K8: 3 | L8: 15 | M8: 0 | N8: 1 | O8: 0 | P8: 0 | Q8: 0 | R8: 0 | S8: 0 | T8: 0 | U8: 0 | V8: 1 | W8: 0 | X8: 0 | Y8: 0
A9: K2 | B9: K (Trat t=3) | C9: 11 | D9: 14 | E9: 21 | F9: 23 | G9: 25 | H9: 27 | J9: U1 | K9: 4 | L9: 19 | M9: 0 | N9: 1 | O9: 0 | P9: 0 | Q9: 0 | R9: 0 | S9: 0 | T9: 0 | U9: 0 | V9: 0 | W9: 1 | X9: 0 | Y9: 0
A10: L1 | B10: L (Trat t=5) | C10: 12 | D10: 14 | E10: 16 | F10: 18 | G10: 28 | H10: 30 | J10: U1 | K10: 5 | L10: 20 | M10: 0 | N10: 1 | O10: 0 | P10: 0 | Q10: 0 | R10: 0 | S10: 0 | T10: 0 | U10: 0 | V10: 0 | W10: 0 | X10: 1 | Y10: 0
A11: L2 | B11: L (Trat t=5) | C11: 11 | D11: 14 | E11: 16 | F11: 18 | G11: 28 | H11: 30 | J11: U1 | K11: 6 | L11: 23 | M11: 0 | N11: 1 | O11: 0 | P11: 0 | Q11: 0 | R11: 0 | S11: 0 | T11: 0 | U11: 0 | V11: 0 | W11: 0 | X11: 0 | Y11: 1
J12: U2 | K12: 1 | L12: 12 | M12: 0 | N12: 0 | O12: 1 | P12: 0 | Q12: 0 | R12: 0 | S12: 0 | T12: 1 | U12: 0 | V12: 0 | W12: 0 | X12: 0 | Y12: 0
A13: Tratamento D_it | J13: U2 | K13: 2 | L13: 14 | M13: 0 | N13: 0 | O13: 1 | P13: 0 | Q13: 0 | R13: 0 | S13: 0 | T13: 0 | U13: 1 | V13: 0 | W13: 0 | X13: 0 | Y13: 0
A14: U1 | B14: U | C14: 0 | D14: 0 | E14: 0 | F14: 0 | G14: 0 | H14: 0 | J14: U2 | K14: 3 | L14: 15 | M14: 0 | N14: 0 | O14: 1 | P14: 0 | Q14: 0 | R14: 0 | S14: 0 | T14: 0 | U14: 0 | V14: 1 | W14: 0 | X14: 0 | Y14: 0
A15: U2 | B15: U | C15: 0 | D15: 0 | E15: 0 | F15: 0 | G15: 0 | H15: 0 | J15: U2 | K15: 4 | L15: 19 | M15: 0 | N15: 0 | O15: 1 | P15: 0 | Q15: 0 | R15: 0 | S15: 0 | T15: 0 | U15: 0 | V15: 0 | W15: 1 | X15: 0 | Y15: 0
A16: K1 | B16: K | C16: 0 | D16: 0 | E16: 1 | F16: 1 | G16: 1 | H16: 1 | J16: U2 | K16: 5 | L16: 20 | M16: 0 | N16: 0 | O16: 1 | P16: 0 | Q16: 0 | R16: 0 | S16: 0 | T16: 0 | U16: 0 | V16: 0 | W16: 0 | X16: 1 | Y16: 0
A17: K2 | B17: K | C17: 0 | D17: 0 | E17: 1 | F17: 1 | G17: 1 | H17: 1 | J17: U2 | K17: 6 | L17: 23 | M17: 0 | N17: 0 | O17: 1 | P17: 0 | Q17: 0 | R17: 0 | S17: 0 | T17: 0 | U17: 0 | V17: 0 | W17: 0 | X17: 0 | Y17: 1
A18: L1 | B18: L | C18: 0 | D18: 0 | E18: 0 | F18: 0 | G18: 1 | H18: 1 | J18: K1 | K18: 1 | L18: 12 | M18: 0 | N18: 0 | O18: 0 | P18: 1 | Q18: 0 | R18: 0 | S18: 0 | T18: 1 | U18: 0 | V18: 0 | W18: 0 | X18: 0 | Y18: 0
A19: L2 | B19: L | C19: 0 | D19: 0 | E19: 0 | F19: 0 | G19: 1 | H19: 1 | J19: K1 | K19: 2 | L19: 14 | M19: 0 | N19: 0 | O19: 0 | P19: 1 | Q19: 0 | R19: 0 | S19: 0 | T19: 0 | U19: 1 | V19: 0 | W19: 0 | X19: 0 | Y19: 0
J20: K1 | K20: 3 | L20: 21 | M20: 1 | N20: 0 | O20: 0 | P20: 1 | Q20: 0 | R20: 0 | S20: 0 | T20: 0 | U20: 0 | V20: 1 | W20: 0 | X20: 0 | Y20: 0
J21: K1 | K21: 4 | L21: 23 | M21: 1 | N21: 0 | O21: 0 | P21: 1 | Q21: 0 | R21: 0 | S21: 0 | T21: 0 | U21: 0 | V21: 0 | W21: 1 | X21: 0 | Y21: 0
J22: K1 | K22: 5 | L22: 25 | M22: 1 | N22: 0 | O22: 0 | P22: 1 | Q22: 0 | R22: 0 | S22: 0 | T22: 0 | U22: 0 | V22: 0 | W22: 0 | X22: 1 | Y22: 0
J23: K1 | K23: 6 | L23: 27 | M23: 1 | N23: 0 | O23: 0 | P23: 1 | Q23: 0 | R23: 0 | S23: 0 | T23: 0 | U23: 0 | V23: 0 | W23: 0 | X23: 0 | Y23: 1
J24: K2 | K24: 1 | L24: 11 | M24: 0 | N24: 0 | O24: 0 | P24: 0 | Q24: 1 | R24: 0 | S24: 0 | T24: 1 | U24: 0 | V24: 0 | W24: 0 | X24: 0 | Y24: 0
J25: K2 | K25: 2 | L25: 14 | M25: 0 | N25: 0 | O25: 0 | P25: 0 | Q25: 1 | R25: 0 | S25: 0 | T25: 0 | U25: 1 | V25: 0 | W25: 0 | X25: 0 | Y25: 0
J26: K2 | K26: 3 | L26: 21 | M26: 1 | N26: 0 | O26: 0 | P26: 0 | Q26: 1 | R26: 0 | S26: 0 | T26: 0 | U26: 0 | V26: 1 | W26: 0 | X26: 0 | Y26: 0
J27: K2 | K27: 4 | L27: 23 | M27: 1 | N27: 0 | O27: 0 | P27: 0 | Q27: 1 | R27: 0 | S27: 0 | T27: 0 | U27: 0 | V27: 0 | W27: 1 | X27: 0 | Y27: 0
J28: K2 | K28: 5 | L28: 25 | M28: 1 | N28: 0 | O28: 0 | P28: 0 | Q28: 1 | R28: 0 | S28: 0 | T28: 0 | U28: 0 | V28: 0 | W28: 0 | X28: 1 | Y28: 0
J29: K2 | K29: 6 | L29: 27 | M29: 1 | N29: 0 | O29: 0 | P29: 0 | Q29: 1 | R29: 0 | S29: 0 | T29: 0 | U29: 0 | V29: 0 | W29: 0 | X29: 0 | Y29: 1
J30: L1 | K30: 1 | L30: 12 | M30: 0 | N30: 0 | O30: 0 | P30: 0 | Q30: 0 | R30: 1 | S30: 0 | T30: 1 | U30: 0 | V30: 0 | W30: 0 | X30: 0 | Y30: 0
J31: L1 | K31: 2 | L31: 14 | M31: 0 | N31: 0 | O31: 0 | P31: 0 | Q31: 0 | R31: 1 | S31: 0 | T31: 0 | U31: 1 | V31: 0 | W31: 0 | X31: 0 | Y31: 0
... J41: L2 | K41: 6 | L41: 30 | M41: 1 | N41: 0 | O41: 0 | P41: 0 | Q41: 0 | R41: 0 | S41: 1 | T41: 0 | U41: 0 | V41: 0 | W41: 0 | X41: 0 | Y41: 1

Sheet 2. Médias por Grupo
A1: MÉDIAS POR GRUPO E PERÍODO
A3: Grupo | B3: t=1 | C3: t=2 | D3: t=3 | E3: t=4 | F3: t=5 | G3: t=6 | H3: Média Geral
A4: U (Nunca) | B4: =AVERAGE('1. Dados'!C6:C7) -> 12 | C4: =AVERAGE('1. Dados'!D6:D7) -> 14 | D4: =AVERAGE('1. Dados'!E6:E7) -> 15 | E4: =AVERAGE('1. Dados'!F6:F7) -> 19 | F4: =AVERAGE('1. Dados'!G6:G7) -> 20 | G4: =AVERAGE('1. Dados'!H6:H7) -> 23 | H4: =AVERAGE(B4:G4) -> 17.166667
A5: K (Trat t=3) | B5: =AVERAGE('1. Dados'!C8:C9) -> 11.5 | C5: =AVERAGE('1. Dados'!D8:D9) -> 14 | D5: =AVERAGE('1. Dados'!E8:E9) -> 21 | E5: =AVERAGE('1. Dados'!F8:F9) -> 23 | F5: =AVERAGE('1. Dados'!G8:G9) -> 25 | G5: =AVERAGE('1. Dados'!H8:H9) -> 27 | H5: =AVERAGE(B5:G5) -> 20.25
A6: L (Trat t=5) | B6: =AVERAGE('1. Dados'!C10:C11) -> 11.5 | C6: =AVERAGE('1. Dados'!D10:D11) -> 14 | D6: =AVERAGE('1. Dados'!E10:E11) -> 16 | E6: =AVERAGE('1. Dados'!F10:F11) -> 18 | F6: =AVERAGE('1. Dados'!G10:G11) -> 28 | G6: =AVERAGE('1. Dados'!H10:H11) -> 30 | H6: =AVERAGE(B6:G6) -> 19.583333
A9: PROPORÇÃO DE PERÍODOS TRATADOS (D_k)
A10: Grupo U: | B10: 0
A11: Grupo K: | B11: =4/6 -> 0.66666667 | C11: (tratado em 4 de 6 períodos)
A12: Grupo L: | B12: =2/6 -> 0.33333333 | C12: (tratado em 2 de 6 períodos)

Sheet 3. Estimadores 2x2
A1: ESTIMADORES DD 2x2
A3: 1. b_KU (Grupo K vs Grupo U)
A4: PRE (t=1,2): | B4: Média K | C4: =AVERAGE('2. Médias por Grupo'!B5:C5) -> 12.75 | D4: Média U | E4: =AVERAGE('2. Médias por Grupo'!B4:C4) -> 13
A5: POST (t=3,4,5,6): | B5: Média K | C5: =AVERAGE('2. Médias por Grupo'!D5:G5) -> 24 | D5: Média U | E5: =AVERAGE('2. Médias por Grupo'!D4:G4) -> 19.25
A7: Diferença K: | B7: =C5-C4 -> 11.25
A8: Diferença U: | B8: =E5-E4 -> 6.25
A9: b^_KU = | B9: =B7-B8 -> 5
A12: 2. b_LU (Grupo L vs Grupo U)
A13: PRE (t=1,2,3,4): | B13: Média L | C13: =AVERAGE('2. Médias por Grupo'!B6:E6) -> 14.875 | D13: Média U | E13: =AVERAGE('2. Médias por Grupo'!B4:E4) -> 15
A14: POST (t=5,6): | B14: Média L | C14: =AVERAGE('2. Médias por Grupo'!F6:G6) -> 29 | D14: Média U | E14: =AVERAGE('2. Médias por Grupo'!F4:G4) -> 21.5
A16: Diferença L: | B16: =C14-C13 -> 14.125
A17: Diferença U: | B17: =E14-E13 -> 6.5
A18: b^_LU = | B18: =B16-B17 -> 7.625
A21: 3. b^_KL_K (Grupo K vs Grupo L, K como tratamento)
A22: PRE (t=1,2): | B22: Média K | C22: =AVERAGE('2. Médias por Grupo'!B5:C5) -> 12.75 | D22: Média L | E22: =AVERAGE('2. Médias por Grupo'!B6:C6) -> 12.75
A23: MID (t=3,4): | B23: Média K | C23: =AVERAGE('2. Médias por Grupo'!D5:E5) -> 22 | D23: Média L | E23: =AVERAGE('2. Médias por Grupo'!D6:E6) -> 17
A25: Diferença K: | B25: =C23-C22 -> 9.25
A26: Diferença L: | B26: =E23-E22 -> 4.25
A27: b^_KL_K = | B27: =B25-B26 -> 5
A30: 4. b^_KL_L (Grupo K vs Grupo L, L como tratamento)
A31: MID (t=3,4): | B31: Média L | C31: =AVERAGE('2. Médias por Grupo'!D6:E6) -> 17 | D31: Média K | E31: =AVERAGE('2. Médias por Grupo'!D5:E5) -> 22
A32: POST (t=5,6): | B32: Média L | C32: =AVERAGE('2. Médias por Grupo'!F6:G6) -> 29 | D32: Média K | E32: =AVERAGE('2. Médias por Grupo'!F5:G5) -> 26
A34: Diferença L: | B34: =C32-C31 -> 12
A35: Diferença K: | B35: =E32-E31 -> 4
A36: b^_KL_L = | B36: =B34-B35 -> 8

Sheet 4. Pesos
A1: CÁLCULO DOS PESOS
A3: Parâmetros:
A4: n_U (proporção grupo U): | B4: =2/6 -> 0.33333333
A5: n_K (proporção grupo K): | B5: =2/6 -> 0.33333333
A6: n_L (proporção grupo L): | B6: =2/6 -> 0.33333333
A7: T (total períodos): | B7: 6
A8: D_K (prop. períodos tratados K): | B8: =4/6 -> 0.66666667
A9: D_L (prop. períodos tratados L): | B9: =2/6 -> 0.33333333
A12: Variâncias de Tratamento:
A13: V_KU = | B13: n_KU . (1-n_KU) . D_K × (1-D_K)
A14: n_KU = n_K/(n_K+n_U) = | B14: =B5/(B5+B4) -> 0.5
A15: V_KU = | B15: =B14*(1-B14)*B8*(1-B8) -> 0.055555556
A17: V_LU = | B17: n_LU × (1-n_LU) × D_L × (1-D_L)
A18: n_LU = n_L/(n_L+n_U) = | B18: =B6/(B6+B4) -> 0.5
A19: V_LU = | B19: =B18*(1-B18)*B9*(1-B9) -> 0.055555556
A21: V_KL_K = | B21: n_KL . (1-n_KL) . [(D_K-D_L)/(1-D_L)] . [(1-D_K)/(1-D_L)]
A22: n_KL = n_K/(n_K+n_L) = | B22: =B5/(B5+B6) -> 0.5
A23: V_KL_K = | B23: =B22*(1-B22)*((B8-B9)/(1-B9))*((1-B8)/(1-B9)) -> 0.0625
A25: V_KL_L = | B25: n_KL . (1-n_KL) . [D_L/D_K] . [(D_K-D_L)/D_K]
A26: V_KL_L = | B26: =B22*(1-B22)*(B9/B8)*((B8-B9)/B8) -> 0.0625
A29: Tamanhos de Subamostra (ao quadrado):
A30: (n_K + n_U)^2 = | B30: =(B5+B4)^2 -> 0.44444444
A31: (n_L + n_U)^2 = | B31: =(B6+B4)^2 -> 0.44444444
A32: [(n_K + n_L).(1-D_L)]^2 = | B32: =((B5+B6)*(1-B9))^2 -> 0.19753086
A33: [(n_K + n_L)×D_K]^2 = | B33: =((B5+B6)*B8)^2 -> 0.19753086
A36: Pesos Não Normalizados:
A37: w_KU = | B37: =B30*B15 -> 0.024691358
A38: w_LU = | B38: =B31*B19 -> 0.024691358
A39: w_KL_K = | B39: =B32*B23 -> 0.012345679
A40: w_KL_L = | B40: =B33*B26 -> 0.012345679
A41: Soma = | B41: =SUM(B37:B40) -> 0.074074074
A44: Pesos Normalizados (somam 1):
A45: s_kU = | B45: =B37/B41 -> 0.33333333
A46: s_LU = | B46: =B38/B41 -> 0.33333333
A47: s_KL_K = | B47: =B39/B41 -> 0.16666667
A48: s_KL_L = | B48: =B40/B41 -> 0.16666667
A49: Soma (verificação) = | B49: =SUM(B45:B48) -> 1

Sheet 5. Decomposição Final
A1: DECOMPOSIÇÃO DO ESTIMADOR TWFE
A3: Comparação | B3: Estimador 2x2 | C3: Peso | D3: Contribuição
A4: K vs U | B4: ='3. Estimadores 2x2'!B9 -> 5 | C4: ='4. Pesos'!B45 -> 0.33333333 | D4: =B4*C4 -> 1.6666667
A5: L vs U | B5: ='3. Estimadores 2x2'!B18 -> 7.625 | C5: ='4. Pesos'!B46 -> 0.33333333 | D5: =B5*C5 -> 2.5416667
A6: K vs L (K trat) | B6: ='3. Estimadores 2x2'!B27 -> 5 | C6: ='4. Pesos'!B47 -> 0.16666667 | D6: =B6*C6 -> 0.83333333
A7: L vs K (L trat) | B7: ='3. Estimadores 2x2'!B36 -> 8 | C7: ='4. Pesos'!B48 -> 0.16666667 | D7: =B7*C7 -> 1.3333333
A9: b^DD (TWFE) = | D9: =SUM(D4:D7) -> 6.375
A12: Interpretação:
A13: O estimador TWFE (b^DD) é uma MÉDIA PONDERADA dos 4 estimadores DD 2x2.
A14: Cada comparação recebe um peso baseado em:
A15: 1. Tamanho da subamostra
A16: 2. Variância do tratamento naquela comparação
A18: Note que o estimador 'L vs K (L trat)' usa o grupo K (já tratado) como controle.
A19: Se o efeito em K mudar ao longo do tempo, isso contamina essa comparação!
