Workbook

Sheet DDD
A1: RESUMO DOS RESULTADOS
A3: Estatística de regressão
A4: R múltiplo | B4: 0.96848602
A5: R-Quadrado | B5: 0.93796517
A6: R-quadrado ajustado | B6: 0.92710908
A7: Erro padrão | B7: 0.92570132
A8: Observações | B8: 48
A10: ANOVA
B11: gl | C11: SQ | D11: MQ | E11: F | F11: F de significação
A12: Regressão | B12: 7 | C12: 518.26619 | D12: 74.038028 | E12: 86.399868 | F12: 4.0566673e-22
A13: Resíduo | B13: 40 | C13: 34.276917 | D13: 0.85692292
A14: Total | B14: 47 | C14: 552.54311
B16: Coeficientes | C16: Erro padrão | D16: Stat t | E16: valor-P | F16: 95% inferiores | G16: 95% superiores | H16: Inferior 95,0% | I16: Superior 95,0%
A17: Interseção | B17: 99.9635 | C17: 0.37791598 | D17: 264.5125 | E17: 1.7246533e-66 | F17: 99.199703 | G17: 100.7273 | H17: 99.199703 | I17: 100.7273
A18: Variável X 1 | B18: 3.6863333 | C18: 0.5344539 | D18: 6.8973831 | E18: 2.6066942e-08 | F18: 2.6061617 | G18: 4.766505 | H18: 2.6061617 | I18: 4.766505
A19: Variável X 2 | B19: 1.6998333 | C19: 0.5344539 | D19: 3.180505 | E19: 0.0028388869 | F19: 0.6196617 | G19: 2.780005 | H19: 0.6196617 | I19: 2.780005
A20: Variável X 3 | B20: 1.285 | C20: 0.5344539 | D20: 2.4043234 | E20: 0.020924361 | F20: 0.20482837 | G20: 2.3651716 | H20: 0.20482837 | I20: 2.3651716
A21: Variável X 4 | B21: 0.3215 | C21: 0.75583196 | D21: 0.4253591 | E21: 0.67285471 | F21: -1.2060934 | G21: 1.8490934 | H21: -1.2060934 | I21: 1.8490934
A22: Variável X 5 | B22: 0.40883333 | C22: 0.75583196 | D22: 0.54090506 | E22: 0.59157276 | F22: -1.11876 | G22: 1.9364267 | H22: -1.11876 | I22: 1.9364267
A23: Variável X 6 | B23: 0.6455 | C23: 0.75583196 | D23: 0.85402581 | E23: 0.39817655 | F23: -0.88209337 | G23: 2.1730934 | H23: -0.88209337 | I23: 2.1730934
A24: Variável X 7 | B24: 3.2133333 | C24: 1.0689078 | D24: 3.0061838 | E24: 0.0045542254 | F24: 1.0529901 | G24: 5.3736766 | H24: 1.0529901 | I24: 5.3736766

Sheet DD
A1: RESUMO DOS RESULTADOS
A3: Estatística de regressão
A4: R múltiplo | B4: 0.88015804
A5: R-Quadrado | B5: 0.77467818
A6: R-quadrado ajustado | B6: 0.75931532
A7: Erro padrão | B7: 1.6821254
A8: Observações | B8: 48
A10: ANOVA
B11: gl | C11: SQ | D11: MQ | E11: F | F11: F de significação
A12: Regressão | B12: 3 | C12: 428.04309 | D12: 142.68103 | E12: 50.425416 | F12: 2.7536728e-14
A13: Resíduo | B13: 44 | C13: 124.50002 | D13: 2.8295459
A14: Total | B14: 47 | C14: 552.54311
B16: Coeficientes | C16: Erro padrão | D16: Stat t | E16: valor-P | F16: 95% inferiores | G16: 95% superiores | H16: Inferior 95,0% | I16: Superior 95,0%
A17: Interseção | B17: 101.62061 | C17: 0.39648076 | D17: 256.30654 | E17: 1.7459071e-71 | F17: 100.82156 | G17: 102.41967 | H17: 100.82156 | I17: 102.41967
A18: Variável X 1 | B18: 2.0221667 | C18: 0.56070847 | D18: 3.6064493 | E18: 0.00078813934 | F18: 0.89213299 | G18: 3.1522003 | H18: 0.89213299 | I18: 3.1522003
A19: Variável X 2 | B19: 3.7230556 | C19: 0.79296153 | D19: 4.6951276 | E19: 2.6206277e-05 | F19: 2.1249466 | G19: 5.3211645 | H19: 2.1249466 | I19: 5.3211645
A20: Variável X 3 | B20: 3.858 | C20: 1.1214169 | D20: 3.4402904 | E20: 0.0012837799 | F20: 1.5979326 | G20: 6.1180674 | H20: 1.5979326 | I20: 6.1180674

Sheet dados
A1: ID | B1: Estado | C1: Periodo | D1: Grupo | E1: Y | F1: Tempo | G1: T | H1: P | I1: S | J1: TxP | K1: TxS | L1: PxS | M1: TxPxS | O1: P | P1: TxS | Q1: PxTxS
A2: 1 | B2: Tratado | C2: Antes | D2: Alvo | E2: 105.497 | F2: 1 | G2: 1 | H2: 0 | I2: 1 | J2: =G2*H2 -> 0 | K2: =G2*I2 -> 1 | L2: =H2*I2 -> 0 | M2: =G2*H2*I2 -> 0 | O2: 0 | P2: 1 | Q2: =O2*P2 -> 0
A3: 2 | B3: Tratado | C3: Antes | D3: Alvo | E3: 104.862 | F3: 2 | G3: 1 | H3: 0 | I3: 1 | J3: =G3*H3 -> 0 | K3: =G3*I3 -> 1 | L3: =H3*I3 -> 0 | M3: =G3*H3*I3 -> 0 | O3: 0 | P3: 1 | Q3: =O3*P3 -> 0
A4: 3 | B4: Tratado | C4: Antes | D4: Alvo | E4: 105.648 | F4: 3 | G4: 1 | H4: 0 | I4: 1 | J4: =G4*H4 -> 0 | K4: =G4*I4 -> 1 | L4: =H4*I4 -> 0 | M4: =G4*H4*I4 -> 0 | O4: 0 | P4: 1 | Q4: =O4*P4 -> 0
A5: 4 | B5: Tratado | C5: Antes | D5: Alvo | E5: 106.523 | F5: 4 | G5: 1 | H5: 0 | I5: 1 | J5: =G5*H5 -> 0 | K5: =G5*I5 -> 1 | L5: =H5*I5 -> 0 | M5: =G5*H5*I5 -> 0 | O5: 0 | P5: 1 | Q5: =O5*P5 -> 0
A6: 5 | B6: Tratado | C6: Antes | D6: Alvo | E6: 104.766 | F6: 5 | G6: 1 | H6: 0 | I6: 1 | J6: =G6*H6 -> 0 | K6: =G6*I6 -> 1 | L6: =H6*I6 -> 0 | M6: =G6*H6*I6 -> 0 | O6: 0 | P6: 1 | Q6: =O6*P6 -> 0
A7: 6 | B7: Tratado | C7: Antes | D7: Alvo | E7: 104.766 | F7: 6 | G7: 1 | H7: 0 | I7: 1 | J7: =G7*H7 -> 0 | K7: =G7*I7 -> 1 | L7: =H7*I7 -> 0 | M7: =G7*H7*I7 -> 0 | O7: 0 | P7: 1 | Q7: =O7*P7 -> 0
A8: 7 | B8: Tratado | C8: Antes | D8: Simples | E8: 102.579 | F8: 7 | G8: 0 | H8: 0 | I8: 1 | J8: =G8*H8 -> 0 | K8: =G8*I8 -> 0 | L8: =H8*I8 -> 0 | M8: =G8*H8*I8 -> 0 | O8: 0 | P8: 0 | Q8: =O8*P8 -> 0
A9: 8 | B9: Tratado | C9: Antes | D9: Simples | E9: 101.767 | F9: 8 | G9: 0 | H9: 0 | I9: 1 | J9: =G9*H9 -> 0 | K9: =G9*I9 -> 0 | L9: =H9*I9 -> 0 | M9: =G9*H9*I9 -> 0 | O9: 0 | P9: 0 | Q9: =O9*P9 -> 0
A10: 9 | B10: Tratado | C10: Antes | D10: Simples | E10: 100.531 | F10: 9 | G10: 0 | H10: 0 | I10: 1 | J10: =G10*H10 -> 0 | K10: =G10*I10 -> 0 | L10: =H10*I10 -> 0 | M10: =G10*H10*I10 -> 0 | O10: 0 | P10: 0 | Q10: =O10*P10 -> 0
A11: 10 | B11: Tratado | C11: Antes | D11: Simples | E11: 101.543 | F11: 10 | G11: 0 | H11: 0 | I11: 1 | J11: =G11*H11 -> 0 | K11: =G11*I11 -> 0 | L11: =H11*I11 -> 0 | M11: =G11*H11*I11 -> 0 | O11: 0 | P11: 0 | Q11: =O11*P11 -> 0
A12: 11 | B12: Tratado | C12: Antes | D12: Simples | E12: 100.537 | F12: 11 | G12: 0 | H12: 0 | I12: 1 | J12: =G12*H12 -> 0 | K12: =G12*I12 -> 0 | L12: =H12*I12 -> 0 | M12: =G12*H12*I12 -> 0 | O12: 0 | P12: 0 | Q12: =O12*P12 -> 0
A13: 12 | B13: Tratado | C13: Antes | D13: Simples | E13: 100.534 | F13: 12 | G13: 0 | H13: 0 | I13: 1 | J13: =G13*H13 -> 0 | K13: =G13*I13 -> 0 | L13: =H13*I13 -> 0 | M13: =G13*H13*I13 -> 0 | O13: 0 | P13: 0 | Q13: =O13*P13 -> 0
... A49: 48 | B49: Controle | C49: Depois | D49: Simples | E49: 103.057 | F49: 24 | G49: 0 | H49: 1 | I49: 0 | J49: =G49*H49 -> 0 | K49: =G49*I49 -> 0 | L49: =H49*I49 -> 0 | M49: =G49*H49*I49 -> 0 | O49: 1 | P49: 0 | Q49: =O49*P49 -> 0

Sheet resumo
A1: Médias por combinação — Grupo: Alvo | C1: Antes | D1: Depois | F1: Notas
B2: Tratado | C2: =AVERAGEIFS(dados!E:E, dados!B:B, "Tratado", dados!C:C, "Antes", dados!D:D, "Alvo") -> 105.34367 | D2: =AVERAGEIFS(dados!E:E, dados!B:B, "Tratado", dados!C:C, "Depois", dados!D:D, "Alvo") -> 111.22383 | F2: Cada célula é a média de Y para a combinação indicada.
B3: Controle | C3: =AVERAGEIFS(dados!E:E, dados!B:B, "Controle", dados!C:C, "Antes", dados!D:D, "Alvo") -> 103.64983 | D3: =AVERAGEIFS(dados!E:E, dados!B:B, "Controle", dados!C:C, "Depois", dados!D:D, "Alvo") -> 105.67117
A5: DID (Alvo) | E5: =(D2-C2)-(D3-C3) -> 3.8588333 | F5: [(Tratado,Depois − Tratado,Antes) − (Controle,Depois − Controle,Antes)] para Grupo=Alvo
A7: Médias por combinação — Grupo: Comparação (simples) | C7: Antes | D7: Depois
B8: Tratado | C8: =AVERAGEIFS(dados!E:E, dados!B:B, "Tratado", dados!C:C, "Antes", dados!D:D, "Simples") -> 101.2485 | D8: =AVERAGEIFS(dados!E:E, dados!B:B, "Tratado", dados!C:C, "Depois", dados!D:D, "Simples") -> 103.59383
B9: Controle | C9: =AVERAGEIFS(dados!E:E, dados!B:B, "Controle", dados!C:C, "Antes", dados!D:D, "Simples") -> 99.9635 | D9: =AVERAGEIFS(dados!E:E, dados!B:B, "Controle", dados!C:C, "Depois", dados!D:D, "Simples") -> 101.66333
A11: DID (Comparação) | E11: =(D8-C8)-(D9-C9) -> 0.6455 | F11: Mesmo cálculo, mas para Grupo=Comparação
A13: TRIPLE DIFFERENCE (DDD) | E13: =(E5)-(E11) -> 3.2133333 | F13: DDD = DID(Alvo) − DID(Comparação).
